OBJECTID,REGION,PCTILE,MINORPCT,LOWINCPCT,LESSHSPCT,LINGISOPCT,UNDER5PCT,OVER64PCT,PRE1960PCT,UNEMPPCT,VULEOPCT,DSLPM,CANCER,RESP,PTRAF,PWDIS,PNPL,PRMP,PTSDF,OZONE,PM25,UST,D_LDPNT_2,D_DSLPM_2,D_CANCR_2,D_RESP_2,D_PTRAF_2,D_PWDIS_2,D_PNPL_2,D_PRMP_2,D_PTSDF_2,D_OZONE_2,D_PM25_2,D_UST_2
1,USA,0,0.000000000000000,0.000000000000000,0.000000000000000,0.000000000000000,0.000000000000000,0.000000000000000,0.000000000000000,0.000000000000000,0.000000000000000,0.000002213299765,8.000000000000000,0.070000000000000,0.000064765751437,0.000000000000004,0.000000000000000,0.000000000000000,0.000000000000000,24.566867320261402,3.934335753424660,0.000000000000000,-1105.102910149900026,-4889.802078300779613,-331034.655205991992261,-4413.795402746550280,-18113479.625785499811172,-4177162.553642999846488,-2158.041499598779865,-8668.792352617800134,-37128.070199281399255,-390559.315832675027195,-84680.043356969094020,-40553.927862128199195
2,USA,1,0.000000000000000,0.011502709450222,0.000000000000000,0.000000000000000,0.000000000000000,0.006845318129494,0.000000000000000,0.000000000000000,0.043049199976935,0.024479274216016,9.525114968595410,0.099273498917837,0.250289848470887,0.000000003248449,0.004847850820731,0.024614279151738,0.016115286639410,28.466067438608199,5.119059221743350,0.000000000000000,-271.676598940780025,-350.357052924005984,-37297.019971410401922,-480.424455037041014,-897069.930806071963161,-2949.261263210959896,-237.384841357323012,-956.227774514243947,-2662.154059020730074,-55855.333243520100950,-11210.931063588199322,-4287.888403569990260
3,USA,2,0.005916177437718,0.023888904433377,0.000000000000000,0.000000000000000,0.000000000000000,0.018551481251543,0.000000000000000,0.000000000000000,0.056864989250283,0.038185042288523,10.055137988973000,0.106956938584571,0.908464642606529,0.000000018164503,0.007046553680376,0.033221245202149,0.022328813051285,29.719058586105199,5.500647635794480,0.000000000000000,-224.332596636086009,-265.372937950283983,-28221.762789363900083,-357.036603330832008,-562533.697692170040682,-772.136357113255031,-152.168735613263010,-685.919055216474021,-1769.027181075590079,-42754.747083776099316,-8537.704097443880528,-2885.497174895710032
4,USA,3,0.011904718863059,0.032939668057132,0.000000000000000,0.000000000000000,0.000000000000000,0.026544473595946,0.000000000000000,0.000000000000000,0.066150045825539,0.049051924285233,10.385489972058300,0.114489903192661,1.917181243097110,0.000000048659519,0.008640933558630,0.040189941328264,0.027697385878009,30.467060489568301,5.791365563317170,0.000000000000000,-195.433291622866989,-224.205761874449991,-23901.288574852798774,-299.836607608859026,-433283.507188012998085,-298.891944333203014,-117.778560144918004,-552.687466715574033,-1388.015830220449971,-36658.793882590900466,-7228.687913415869843,-2260.268399967349978
5,USA,4,0.017345415987655,0.040748852032744,0.000000000000000,0.000000000000000,0.000000000000000,0.032927876254293,0.000000000000000,0.000000000000000,0.073904719464089,0.058505150833982,10.715841955143500,0.122022867800751,3.261942339670300,0.000000098100945,0.009694789998493,0.046445089899341,0.032884914227663,31.153753592972599,5.988726368524610,0.000000000000000,-174.791287180363014,-197.583243703529007,-21244.615532415700727,-265.386259939199022,-349959.138333749026060,-147.675240327909989,-96.875838737832794,-463.903477808143009,-1140.807671431879953,-32933.365814550801588,-6451.263477917909768,-1867.711005627599889
6,USA,5,0.022269515052331,0.047407883682369,0.003992853880810,0.000000000000000,0.002305543491273,0.038193048374266,0.000000000000000,0.000000000000000,0.080437589759796,0.066133736282634,11.046193938228800,0.129555832408841,4.702660368288410,0.000000166242277,0.010483377832042,0.052041935297288,0.037772645090809,31.679347812732999,6.141081679108120,0.000000000000000,-159.473591059255000,-178.732283722373012,-19253.919995220898272,-240.749435749948987,-294571.697465018020011,-82.696065687936496,-82.988750610322299,-402.899862499639994,-985.445496861617016,-30130.647003882000718,-5873.481817327419776,-1593.794104342089895
7,USA,6,0.027121223320461,0.053684735767680,0.007499744422372,0.000000000000000,0.007328918933905,0.042535963051759,0.000000000000000,0.000000000000000,0.086582743743975,0.071924072365302,11.376545921314101,0.137088797016931,6.271068286590200,0.000000263852526,0.011264547583913,0.057265460069531,0.043197668762039,32.333946472218102,6.289291556183930,0.000000000000000,-146.869943973387990,-163.943713843356988,-17746.722329263498978,-222.725262858659988,-252085.676898031000746,-51.812523762619200,-72.858247135978104,-353.483586552931001,-862.275287519859944,-27751.382241298098961,-5439.431656818989723,-1386.111514609000096
8,USA,7,0.031782849195391,0.059593961893451,0.009759806720283,0.000000000000000,0.009887278961118,0.046710010960465,0.000000000000000,0.000000000000000,0.092387761236408,0.077101498545863,11.706897904399300,0.144621761625020,7.948969567765010,0.000000404830054,0.011968687181834,0.062381330496422,0.048415832931885,32.998991220173401,6.442367017110890,0.000000000000000,-135.594976969145989,-152.245064723166990,-16554.138496107698302,-207.427237653795004,-221344.303516732004937,-33.264322466045400,-64.971460146667596,-314.424900422361986,-764.607277407107972,-25998.393232509799418,-5091.108328436130250,-1228.388547825469914
9,USA,8,0.036436014101423,0.065051138296453,0.011823868220602,0.000000000000000,0.011949214192173,0.050297296786897,0.000000000000000,0.000000000000000,0.097760337572402,0.081841515094499,12.037249887484601,0.152154726233110,9.746033023439900,0.000000600614847,0.012671436834768,0.066834373107884,0.053609849381430,33.544554455743302,6.566919536812750,0.000000000000000,-126.232123701085996,-142.422308298720992,-15552.098751570800232,-194.356222871530008,-197559.293597056996077,-22.591205649810899,-58.499354724172299,-282.508735152583995,-687.752344899197055,-24488.446011273499607,-4797.668141211500370,-1092.339695616220069
10,USA,9,0.041073485118312,0.070581854118637,0.013631162515640,0.000000000000000,0.013796449975850,0.053579473461047,0.000000000000000,0.000000000000000,0.103061388125684,0.086170852106290,12.367601870569899,0.159687690841200,11.605691528377500,0.000000863436733,0.013367244719137,0.071587752418099,0.058948487446506,33.995118414370801,6.686595487928610,0.000000000000000,-118.045793025150004,-133.538383722800006,-14688.577307071100222,-183.720857476541994,-176777.255215270008193,-16.126706311955800,-52.984788996803204,-254.961750450772001,-617.066749363965982,-23214.351058402899071,-4549.521984264370076,-979.683767464279981
11,USA,10,0.045827836436915,0.076035125489325,0.015434303873455,0.000000000000000,0.015538876961749,0.056774478268899,0.000000000000000,0.000000000000000,0.107911623111577,0.090145986207322,12.697953853655100,0.167220655449290,13.545727241180400,0.000001217111354,0.014020292562385,0.076087477044991,0.064025762310160,34.374380572439499,6.770887922303500,0.000000000000000,-110.792369241071995,-126.208117021844998,-13956.538586613600273,-173.797118497476987,-158976.006012436002493,-11.623527977529900,-48.407275567833700,-232.121511872750006,-559.839148810127995,-22044.388301207898621,-4325.080096718090317,-881.246763463871957
12,USA,11,0.050266707858055,0.081169600738838,0.017119739433323,0.000000000000000,0.017160511456411,0.059715277423943,0.000000000000000,0.000000000000000,0.112591766884385,0.094161167116446,13.028305836740399,0.174753620057380,15.571378201825400,0.000001657090122,0.014708531012852,0.080442225301815,0.069263687584926,34.695928702836703,6.855323906130190,0.000000000000000,-104.064640284060999,-119.101637770097000,-13284.384268674699342,-165.464569211844008,-144281.821400424989406,-8.868848043163091,-44.449978753210303,-211.667293193148993,-509.296507546102021,-21025.537747185298940,-4124.752357216980272,-796.856049828938012
13,USA,12,0.054975974628485,0.086019962095346,0.018863120230987,0.000000000000000,0.018669466241616,0.062400365468474,0.005396169610354,0.002500240798074,0.117502045274263,0.097788836502685,13.358657819825700,0.182286584665470,17.674742415112100,0.000002210235043,0.015355814387272,0.085000299910349,0.074708930151743,34.961880246401400,6.933856366500580,0.000000000000000,-98.301612525807897,-112.993600842774001,-12668.417519257300228,-157.881414131507000,-131435.104444961005356,-6.783840745537270,-41.041466169190400,-193.756321787779996,-464.243714654370990,-20110.349737318498228,-3941.444377530230213,-724.671366203766979
14,USA,13,0.059765160007828,0.090823926405473,0.020442196900496,0.000000000000000,0.020095874084198,0.064898364815309,0.008127671066292,0.006122438256872,0.122232931949371,0.101348340544110,13.689009802910901,0.189819549273560,19.944989828741900,0.000002910716910,0.016067510314519,0.089130777507567,0.080126006697260,35.241109696580899,7.022638145994110,0.000000000000000,-92.525085451791398,-107.231991352083000,-12089.973262887500823,-150.602193000019014,-120137.945686715000193,-5.253989455893300,-38.029873699337600,-177.869508100090997,-421.509574305597994,-19268.686004663100903,-3774.605379337189788,-660.505202357638950
15,USA,14,0.064798572018587,0.095570296972932,0.022045354855165,0.000000000000000,0.021455449035996,0.067494443366460,0.010302291621961,0.008112343370757,0.126731162587469,0.104917736454992,14.019361785996200,0.197352513881650,22.438076599987401,0.000003844322459,0.016826468550701,0.093274317953042,0.085615904210347,35.553047104905602,7.101197389688430,0.000000000000000,-87.184781838378001,-101.905690448528006,-11562.433952196299288,-144.184657546046992,-110098.681379832996754,-4.084440544970100,-35.375681081885801,-164.133868228402008,-384.427197797566976,-18490.373704945501231,-3615.085066050310161,-601.583755085056964
16,USA,15,0.069820031419057,0.100254320312388,0.023697588457297,0.000000000000000,0.022766143019630,0.070046975759104,0.012223329318075,0.009599130926941,0.131262107541511,0.108428902736774,14.349713769081500,0.201953918085831,24.900261248478699,0.000004936732113,0.017642711679847,0.097724117750407,0.091514932976540,35.965131921691402,7.172773348450840,0.000000000000000,-81.913125620285399,-96.991071822847502,-11078.500407296300182,-138.090866630991997,-101361.162358037006925,-3.218285486137130,-32.904212706542602,-151.507954802674988,-350.657814107571994,-17753.906190261201118,-3470.255868437249774,-548.129195273162054
17,USA,16,0.074859943666546,0.104866531605016,0.025311193726994,0.000000000000000,0.024023796060317,0.072520093864635,0.014083022075657,0.010822955289794,0.135679036927560,0.112059634226888,14.680065752166700,0.204966682509741,27.543398141183101,0.000006348775623,0.018515697071530,0.101828023321159,0.097087634085731,36.410415483483199,7.233788483917990,0.000000000000000,-76.856721787161007,-92.405928051977597,-10660.014001326699145,-132.556064827428003,-93403.341379674893687,-2.512133849188350,-30.690526793850999,-140.233938460885014,-320.912991508099992,-17065.338723116299661,-3335.097816794369919,-501.895848686108991
18,USA,17,0.080112157426275,0.109642736051217,0.026966969408428,0.000000000000000,0.025280873935472,0.074848847181496,0.016263875201942,0.011936956564440,0.139826112679933,0.115720020400471,15.010417735252000,0.207979446933652,30.441192099384601,0.000007940711800,0.019422088552994,0.106212467770614,0.103198452598209,36.807593504079200,7.288937977599460,0.010367947608713,-72.525334826676698,-88.265751500456901,-10229.121947493100379,-127.338327538393003,-86242.655386965197977,-2.014698704330220,-28.697533220640398,-130.230471847473012,-294.180540855131994,-16392.696339877100399,-3210.675224410630108,-459.299550270621012
19,USA,18,0.085285598199665,0.114503020779030,0.028610595760783,0.000000000000000,0.026469237773699,0.077165586473202,0.018401802296911,0.012980296659339,0.144132961795299,0.119417818980951,15.340769718337301,0.210992211357563,33.383736128991600,0.000009667914698,0.020326641526470,0.110532388945694,0.109193732065740,37.128882186426701,7.343793252308320,0.020619210506983,-68.263426480713093,-84.111911594109301,-9830.356654053939565,-122.259327837453995,-79524.476395570396562,-1.648719080792060,-26.884198445077899,-120.971131316940003,-269.663071522025973,-15802.382669083599467,-3091.078922281799805,-420.278058814797987
20,USA,19,0.090617899041595,0.119304427670752,0.030225278509990,0.000000000000000,0.027629521637906,0.079457433264817,0.020552642877547,0.014023168222966,0.148319201780522,0.123335497242098,15.671121701422500,0.214004975781474,36.576812018840002,0.000011843650842,0.021307510765642,0.114979760316516,0.115428641764641,37.413755308987596,7.396685486553450,0.031627246336353,-64.269356545043607,-80.505384291493996,-9464.581828606180352,-117.494050204873005,-73226.613242862906191,-1.360421854103600,-25.127455499626201,-113.079404682299000,-247.156491269105004,-15218.722119181800736,-2976.946377329759798,-384.528233498225973
21,USA,20,0.096015894108471,0.124132012857679,0.031841218187931,0.000000000000000,0.028728056461315,0.081689506638523,0.022943621817933,0.015012051296556,0.152727616647163,0.126687751058510,16.001473684507800,0.217017740205385,39.715833172977497,0.000014318733475,0.022273761097845,0.119109451184188,0.121912546653296,37.653286398265003,7.445466528897010,0.044804721596472,-60.369486620084999,-77.040464133950806,-9117.109087454969995,-112.869735331262007,-67655.471227761707269,-1.116835964112730,-23.564746024008599,-105.626833406939994,-225.751798476196001,-14661.600324098100828,-2872.510144085119919,-352.224803569787980
22,USA,21,0.101479743083874,0.128792761428857,0.033485965544444,0.000000000000000,0.029842044870279,0.083862610461794,0.025355627479776,0.015971943428639,0.157116816255665,0.130325954719430,16.331825667593101,0.220030504629295,43.159389784439398,0.000017371837241,0.023302951873746,0.123462044455490,0.128583467260579,37.868678701018503,7.491406381928410,0.059622304644443,-56.729017197058603,-73.567260767773803,-8777.138945461010735,-108.747323330032003,-62455.026073473702127,-0.927357118728862,-22.126807927480002,-98.868558145482893,-206.034284636677000,-14128.836767460399642,-2771.334600404470166,-322.398845747916027
23,USA,22,0.107136502185576,0.133398109876380,0.035189065601544,0.000000000000000,0.030891749370094,0.085994937881988,0.027892533353936,0.016928926813763,0.161393196768037,0.133855156193685,16.662177650678402,0.223043269053206,46.591147182171099,0.000021097902890,0.024311585303703,0.127738224063306,0.134848348817374,38.080806898240702,7.533612439952770,0.075494463178438,-53.369528941448799,-70.156637492967405,-8440.852176051439528,-104.755210073593005,-57741.959361561697733,-0.763786250844024,-20.746652593206701,-92.701793351054306,-188.370861961703014,-13638.287288693200026,-2673.592152908339813,-294.501011150290026
24,USA,23,0.112872697660934,0.137922030633434,0.036777879883661,0.000000000000000,0.031959779027540,0.088131647693118,0.030768563771705,0.017829869597686,0.165815166530456,0.137319657237635,16.992529633763599,0.226056033477117,50.074189694882598,0.000025114210065,0.025388920137376,0.131989067301033,0.141878146810244,38.288262070904800,7.572155236248690,0.093340274878559,-49.985502675081698,-67.096545752408801,-8121.438943976009796,-100.795486101272004,-53430.010709463196690,-0.630086486524146,-19.522645709095698,-86.886325919921504,-172.545559166672007,-13157.582693523499984,-2579.309014429590206,-268.935082910670985
25,USA,24,0.118903460075624,0.142825005483528,0.038373014346530,0.000000000000000,0.033026778356584,0.090152663434330,0.033563575069653,0.018734937801272,0.169986762949918,0.141193803350305,17.322881616848900,0.229068797901028,53.897731970993000,0.000029883933576,0.026486186439974,0.136296382788848,0.148812671914953,38.479161708541596,7.616473229815860,0.113004744276009,-46.646731038050703,-63.989371489113601,-7819.274920044459577,-96.958473794528302,-49295.491702542298299,-0.520095787422550,-18.325465988817601,-81.670943061287502,-157.629896951695002,-12704.002811313199345,-2492.362059310789846,-245.003159219691014
26,USA,25,0.124837721198656,0.147602469780678,0.040140904798963,0.000000000000000,0.033998091065153,0.092263387460079,0.036614815723722,0.019603119458135,0.174420241809001,0.145113850113305,17.653233599934200,0.232081562324938,57.893463270286198,0.000035302504057,0.027600895405722,0.140547898794262,0.155916417895146,38.676910280800001,7.659017394348650,0.134533906302379,-43.585052485708502,-61.104674408583200,-7526.687361568489905,-93.359195109293395,-45603.295842991698009,-0.430775325435156,-17.199841550192598,-76.876376839432595,-144.210840818862010,-12266.666889814399838,-2404.596722673879867,-223.425011019804003
27,USA,26,0.130774443377212,0.152462299117824,0.041843748274380,0.000000000000000,0.034978999612254,0.094336132640835,0.039742721364356,0.020487168116121,0.178637111308472,0.148769681497315,17.983585583019401,0.235094326748849,61.920745017767402,0.000041877709808,0.028693195724678,0.144856552086098,0.162942558529913,38.847672442975004,7.699018279455610,0.157292027871272,-40.596794114288699,-58.241291203477900,-7256.833675366739953,-89.950509726912301,-42136.072988222600543,-0.356885168181275,-16.178016397399698,-72.387718847178505,-132.171634028687009,-11833.828240591699796,-2321.116851370099994,-203.358951697219993
28,USA,27,0.137118650063905,0.157257137465695,0.043497263413617,0.000000000000000,0.035927809000765,0.096384789503806,0.043118185523897,0.021328260037261,0.182870998706372,0.152772757583013,18.313937566104698,0.238107091172760,66.162730208698903,0.000049150621548,0.029864536350218,0.149374677244801,0.170492828993916,39.012271886036800,7.737332083068240,0.183455239380054,-37.828494518822097,-55.440825718553597,-6979.728424616770099,-86.448490146431794,-38698.070837144099642,-0.291617580951301,-15.214434723244301,-68.163299082869003,-121.450030730319995,-11426.956956126599835,-2243.395994898190111,-184.161936440490990
29,USA,28,0.143430494337312,0.162230466016683,0.045142626794577,0.000000000000000,0.036948723023518,0.098421900422431,0.046784265752947,0.022175463692703,0.187138282022954,0.156461649863427,18.644289549189999,0.241119855596671,70.636348022705803,0.000057744979971,0.031066031305974,0.153792783201299,0.178494102838159,39.180474664015897,7.778020943793030,0.210629687815304,-35.185168011128297,-52.853467852368802,-6719.671203438369957,-83.099510450816993,-35672.337941751102335,-0.240772486955646,-14.303641919160700,-64.142931639918501,-111.767025861145001,-11034.699880146699797,-2164.143889721759933,-166.474345499093999
30,USA,29,0.149628369911423,0.167101489467284,0.046823354359328,0.000000000000000,0.037871653008624,0.100486873039769,0.050539445838751,0.023073426567338,0.191508286131565,0.160239421279455,18.974641532275200,0.244132620020582,75.200363565684896,0.000067649745675,0.032298324789698,0.158083023881850,0.187039926335320,39.362228755178002,7.820962226610470,0.238717182982613,-32.673800052637802,-50.300728400424298,-6466.976163718300086,-79.971160381704195,-32867.640916766802547,-0.199971546176476,-13.425812669013100,-60.528452665456300,-102.629035006433000,-10656.710168087800412,-2086.777002102589904,-149.477747270327001
31,USA,30,0.156100829389919,0.171905840490867,0.048528082269300,0.000000000000000,0.038844224663517,0.102421246006614,0.054382601673683,0.023925790558738,0.196004604091215,0.163924242355446,19.304993515360501,0.247145384444492,80.076124939530004,0.000079377306804,0.033528023316424,0.162479623039553,0.195896743826760,39.560597067272298,7.861936318051460,0.268394754280669,-30.327656679396100,-47.879307954459300,-6223.020833326520005,-76.979471234136597,-30203.921778494099271,-0.163653984977316,-12.584814044424800,-57.153016415100502,-94.013536373335796,-10277.061850674999732,-2011.878192508220081,-133.840831049267990
32,USA,31,0.162611615451876,0.176665308928440,0.050367480579180,0.000000000000000,0.039723353745051,0.104393571712268,0.058549064981067,0.024794750061526,0.200462916395729,0.167696875264971,19.635345498445801,0.250158148868403,84.988154449325194,0.000092375353893,0.034708147331551,0.166959626271679,0.205669358137949,39.753211468466901,7.901726907893900,0.299482177294559,-27.974580816991800,-45.570479488448797,-5990.126667953630204,-74.021049331237904,-27545.481911906601454,-0.134414249616050,-11.773925837384800,-53.875959733700299,-86.361901035831394,-9910.609845269309517,-1938.947380600410042,-119.648742772589998
33,USA,32,0.169315284020555,0.181495445174568,0.052141137177470,0.000000000000000,0.040674119528271,0.106343010058885,0.062629681969085,0.025664750166994,0.205049018446924,0.171669597056473,19.965697481530999,0.253170913292314,89.890889658738104,0.000107329929070,0.036016713589548,0.171331510734874,0.216647547881748,39.933885805674102,7.940366387965750,0.332013925525632,-25.882783706796801,-43.254136925240999,-5762.811132915349845,-71.268626898845895,-25174.087655101699056,-0.110482197974631,-11.042092962742499,-50.977165556636798,-79.404993134766599,-9543.884819583929129,-1869.264270235649974,-106.198057588620003
34,USA,33,0.176149887006465,0.186457199441167,0.053885973428646,0.000000000000000,0.041631994812042,0.108345543530369,0.066861297813426,0.026526582323788,0.209556187244245,0.175833537390679,20.173509470822200,0.256183677716225,95.378110882138898,0.000123959284361,0.037332587241180,0.175844131459801,0.228849264372987,40.131190206471601,7.983031154577330,0.366451495110576,-23.813043870776401,-41.150760142779198,-5539.139546205129591,-68.354298010847003,-22999.360753825898428,-0.091386832291051,-10.329778945912500,-47.986021539421202,-72.987033400376305,-9186.612249472840631,-1803.310717815530097,-93.409045518315807
35,USA,34,0.183124187560735,0.191478795327937,0.055718271276558,0.000000000000000,0.042541454940987,0.110348081978646,0.071222137235406,0.027390083677335,0.214119752791384,0.179504871095533,20.367123054432302,0.259196442140135,100.889901631870998,0.000142111302864,0.038667399453989,0.180456874501221,0.242434892393298,40.311793168186597,8.023686027760411,0.404274043555755,-21.825732937872900,-38.966310892940299,-5326.404492373209905,-65.602857535372806,-21038.158437123900512,-0.072941701783659,-9.656329897679081,-45.190197914157601,-66.758567447914700,-8851.453151069199521,-1735.894786578689946,-81.608634242365895
36,USA,35,0.189912494571695,0.196403870653584,0.057631379083760,0.000000000000000,0.043411216682059,0.112362560202566,0.075948251439879,0.028297037066920,0.218791016715724,0.183607978630756,20.560736638042300,0.262209206564046,106.590127231192994,0.000162915029928,0.039985443342072,0.185091885142154,0.259088338215078,40.480650450715899,8.061756390517420,0.442762812967797,-19.887495313906498,-36.958408186163602,-5108.721526417370114,-62.897629634577498,-19101.074499686801573,-0.058567690252487,-9.024617155339930,-42.456468940641201,-61.489618925108502,-8514.225598098339105,-1668.601099420779974,-70.202245954288003
37,USA,36,0.197029383601496,0.201525426998619,0.059475994703240,0.000000000000000,0.044275301898631,0.114363261555654,0.080686667103970,0.029201103675940,0.223543679234596,0.187598646849084,20.754350221652398,0.265221970987957,112.342705567764000,0.000187109391876,0.041299295470577,0.189884500518847,0.277323279232340,40.648350765350600,8.097174827787420,0.483214863775337,-18.112295199009900,-35.011831441521899,-4897.438728231920322,-60.255444621754002,-17323.691708696798742,-0.046966614935426,-8.422982829447390,-39.963214161225999,-56.488573743890797,-8182.587848931790177,-1605.779195565409964,-60.492804479028102
38,USA,37,0.204120269719907,0.206671520334668,0.061402749404548,0.000000000000000,0.045153577519206,0.116377998496768,0.085606436368023,0.030091512326044,0.228411016244528,0.191189421768298,20.947963805262400,0.268234735411868,118.324127529191003,0.000214245257334,0.042615639097273,0.194887748999455,0.296727173707026,40.810888987727900,8.132646335603811,0.528681582966520,-16.540899192431102,-33.061825446264301,-4689.979881909610413,-57.593763086724401,-15635.517729552500896,-0.037538852975162,-7.868646950203930,-37.516001509006301,-51.911372687711200,-7864.527709289070117,-1541.207608147640030,-51.443387045978199
39,USA,38,0.211770112991200,0.211764179917406,0.063263166732904,0.000000000000000,0.046022316008540,0.118340375214529,0.090812665388312,0.030969662288149,0.233277723737421,0.195084647873163,21.141577388872399,0.271247499835779,124.939407427779003,0.000245046548260,0.044007412197009,0.200342579453810,0.318241864358001,40.949469243807499,8.166754692604750,0.569197848898707,-14.853286481241099,-31.129617219224802,-4492.559641476060278,-55.126286462875200,-14109.264098551899224,-0.030041812215619,-7.347953606706560,-35.139303676186401,-47.483581965398500,-7551.946298938440123,-1477.661985853889973,-42.896045811756402
40,USA,39,0.219241713900840,0.216929567828448,0.065171091694196,0.000000000000000,0.046869622470828,0.120372829108823,0.096327107170457,0.031868050863961,0.238288819583587,0.198913754921615,21.335190972482501,0.274260264259689,131.363220158797986,0.000279076892286,0.045337454666894,0.205941251858645,0.342868896837365,41.101746619255103,8.200650408736641,0.616455541794735,-13.410927966140800,-29.244232611531700,-4285.311840760099585,-52.594737821103898,-12626.399492522499713,-0.024050369097689,-6.828550330046370,-32.839361422730100,-43.502814513539498,-7230.709644497879708,-1413.811585301290052,-35.400686415385600
41,USA,40,0.227323160809239,0.222041515497016,0.067108702830974,0.000000000000000,0.047748037496155,0.122279690715078,0.101790488922390,0.032731295415260,0.243347539074611,0.202773392354214,21.528804556092499,0.277273028683600,138.133143692636992,0.000319963686607,0.046665925647768,0.212281752518277,0.369380653377551,41.254377907350502,8.234216626073049,0.664802098467410,-11.957358800137399,-27.534634299986500,-4093.389073841939990,-50.119680539071297,-11312.247319731399330,-0.019297745223594,-6.347253772068270,-30.678636503141998,-39.613801705001499,-6900.844006778510447,-1351.442789128379900,-28.518902674381899
42,USA,41,0.235428681097491,0.227189299258091,0.069070442940745,0.000000000000000,0.048620159364077,0.124337871516437,0.107404602421270,0.033669068962020,0.248714713286924,0.206600062902891,21.722418139702601,0.280285793107511,144.993177187457007,0.000361992775415,0.048019648387873,0.219266173235228,0.397093796906210,41.398100670161902,8.270513687534910,0.715645238039633,-10.634519200352100,-25.833066729521700,-3894.567874780329930,-47.603704993059701,-10012.521676632899471,-0.015387390129932,-5.891041296693660,-28.606896816116102,-36.059746925338303,-6579.519351290219674,-1289.392188618059890,-22.426960302899300
43,USA,42,0.243686239714144,0.232440084039072,0.071038657142231,0.000000000000000,0.049496177025504,0.126259711121257,0.113386936284586,0.034570856332161,0.253996425369005,0.210350418883872,21.916031723312599,0.283298557531422,152.093176689915992,0.000408959403957,0.049472161868019,0.226678022920711,0.428364449410445,41.478621785950999,8.309334309706840,0.770591973344611,-9.424989502826451,-24.200405620523501,-3695.938939238899820,-45.092528498370001,-8804.757727118440016,-0.012024347834353,-5.450865417349650,-26.631747119673101,-32.584212508330403,-6257.888894967600208,-1225.941022309129949,-17.163522783544199
44,USA,43,0.252193955212884,0.237690534600639,0.073090220387542,0.000000000000000,0.050368797673785,0.128326077849197,0.119455278673934,0.035529286862289,0.259472238224871,0.214157992712907,22.109645306922701,0.286311321955333,159.697893168115002,0.000464517334716,0.050888612859365,0.234742125094800,0.460745588211433,41.556611642031903,8.348792724027470,0.824103332844070,-8.279524733938221,-22.485771516822201,-3495.768058172900055,-42.706949925300400,-7691.795304188210139,-0.009292058006915,-5.028143594785520,-24.726937755273799,-29.422362418419599,-5936.616247127530187,-1164.085469641499913,-12.570447195559501
45,USA,44,0.260910020753489,0.242975510909217,0.075124811916868,0.000000000000000,0.051244628521232,0.130229425008933,0.125993490222355,0.036435343278360,0.264835147971128,0.218030203084560,22.303258890532700,0.289324086379243,167.915993109193010,0.000522049480192,0.052282373088055,0.244038055120211,0.491245238499057,41.647716876546298,8.387227561067590,0.878208684011285,-7.136417951882040,-20.857012076795300,-3297.525370144010139,-40.375803299932997,-6667.064654365979550,-0.007150444451251,-4.631581648518900,-22.835319632022902,-26.345573869695400,-5621.481846540070364,-1104.242598650260106,-8.586919233433580
46,USA,45,0.269613488240371,0.248199207672422,0.077298493523727,0.000000000000000,0.052081701669370,0.132136678683468,0.132709808588768,0.037374862400687,0.270355015504865,0.221966632065608,22.496872474142801,0.292336850803154,176.156640367341993,0.000590925152827,0.053768529966720,0.253641125273604,0.522678459398463,41.740281979329801,8.425460414591670,0.936618809767671,-6.117458149262200,-19.319832429062402,-3101.953418722940114,-37.969643551809000,-5746.293867454650353,-0.005365674011091,-4.240531770082220,-21.007119606705899,-23.599019173645701,-5301.982641460969717,-1041.104471157349963,-5.409957982514910
47,USA,46,0.278632202955171,0.253512545956347,0.079506201632346,0.004164890738683,0.052947851756769,0.134208532363264,0.139788584608660,0.038296392929000,0.276021085804424,0.225682021434591,22.690486057752800,0.295349615227065,184.445094030830006,0.000664892833233,0.055250913645683,0.264140429133995,0.556832995936873,41.829518288151398,8.462577721938921,0.995374349070814,-5.149162229825260,-17.810902604815499,-2900.488931516440061,-35.619479054019102,-4885.557377780400202,-0.004018835895008,-3.864351608058040,-19.237683481406702,-21.085024299706699,-4977.820317593879736,-977.033273027285986,-2.906603397909960
48,USA,47,0.287393181162982,0.258975611141134,0.081665172728364,0.006556908563818,0.053804254217798,0.136251655297896,0.146867616442943,0.039240737164298,0.281540014574730,0.229623137030530,22.884099641362901,0.298362379650976,193.571384105629988,0.000743762955703,0.056839643813739,0.275763013345954,0.589778478350966,41.914510254123499,8.502502695555000,1.056367981114820,-4.208776997745810,-16.387399356899099,-2697.075026681869986,-33.170718514094197,-4124.412505769390009,-0.002987794122764,-3.514301735472770,-17.465629642453202,-18.557971861569399,-4655.475321207610250,-914.623555820321030,-0.872756793829626
49,USA,48,0.296769534347303,0.264580608494210,0.083981287984837,0.008327949943550,0.054668525910034,0.138220965907162,0.154248760266657,0.040210428519525,0.287471190264335,0.233832119338897,23.077713224972900,0.301341658904515,203.031285641555002,0.000833380310142,0.058512781346085,0.287627399922804,0.624757311143030,42.012802090107300,8.537882976496039,1.121682339623490,-3.291219285759280,-14.959937807937200,-2498.915008620800108,-30.689342957238001,-3405.111234090159996,-0.002185193217977,-3.175984705761230,-15.736583728070800,-16.209656936476399,-4324.740333550979813,-851.063267102147051,-0.000833049125513
50,USA,49,0.305942073238241,0.270192706835760,0.086251064826836,0.009787611758243,0.055555074904379,0.140173490398277,0.161799264370158,0.041231937742756,0.293321584188875,0.237753347501580,23.271326808582899,0.304281061611741,212.272101751201006,0.000932836499670,0.060168921335810,0.300647144044149,0.663092646676387,42.112542959654803,8.572425606406140,1.186529321636600,-2.412036815291080,-13.502289579591800,-2296.295073422269979,-28.125474345062798,-2757.835701566680200,-0.001527858430712,-2.837733625297030,-14.168274118158200,-14.143637751751200,-3981.420192524829872,-784.589768859626020,-0.000779748435514
51,USA,50,0.315747679847129,0.275750283055284,0.088533286241256,0.011139287132041,0.056507688686440,0.142217228103047,0.169529560135030,0.042238746453725,0.299630996309962,0.241809610993426,23.464940392193000,0.307220464318967,221.969925692418997,0.001042226999318,0.061856580690432,0.314297481501103,0.702394493133555,42.213620321098503,8.603407141523970,1.254483300384790,-1.501942587245700,-12.078632253964001,-2083.970173071530098,-25.581949346935300,-2162.560226573999898,-0.001090307191861,-2.519741825112100,-12.555957347910100,-12.090509016243400,-3628.540323663360141,-717.043721594645035,-0.000726447745515
52,USA,51,0.325647334811332,0.281579153893326,0.090834282776016,0.012455149298422,0.057349615370876,0.144207449953945,0.177318740414897,0.043235901364413,0.306189546460662,0.245887431515747,23.658553975802999,0.310159867026192,231.954641246840993,0.001164357273048,0.063592516797126,0.328958487513911,0.742631907249346,42.304282161602700,8.633673829781610,1.322631701563270,-0.563299664962145,-10.700554663265500,-1865.832724922850048,-23.013197938878299,-1670.362065160870088,-0.000763229513565,-2.203462788065920,-10.931784820848801,-10.257341882550000,-3269.560736384989923,-648.529980392421976,-0.000673147055516
53,USA,52,0.335763937563605,0.287212355624516,0.093317631575560,0.013633574221526,0.058229554659653,0.146231050708593,0.185302672708252,0.044263719879422,0.312558723252961,0.250020855769750,23.852167559413100,0.313099269733418,242.241737668858008,0.001305608878978,0.065336275701279,0.344493679094856,0.784505633827821,42.412747433375898,8.664177244359930,1.395209263243810,-0.000962393849894,-9.310580085456261,-1645.658128446410046,-20.376370494065899,-1233.112722388319980,-0.000516624046334,-1.887740185445510,-9.378007742008659,-8.576894988503390,-2913.840144475069792,-577.396775335310053,-0.000619846365517
54,USA,53,0.345961024322311,0.292910705459533,0.095801269252971,0.014888692227839,0.059122264851564,0.148328275050263,0.193782516363580,0.045316231827141,0.319163412534115,0.254477552437026,24.045781143023099,0.316038672440644,252.887048078959992,0.001452990855728,0.067247080381956,0.361725174951610,0.828755329604208,42.521754301078900,8.698661665542399,1.472294306257920,-0.000874850966027,-7.917522472546750,-1417.613446877500110,-17.598423091841301,-835.518385802549005,-0.000330158560245,-1.594449978059860,-7.917697970964250,-6.989540644407640,-2544.358729376639985,-506.395910961216998,-0.000566545675518
55,USA,54,0.356385507328987,0.298792231590955,0.098343303553681,0.016091418194005,0.059999701517040,0.150381520909617,0.202488742849705,0.046326507813148,0.325827851669034,0.259110871035630,24.239394726633201,0.318978075147869,264.294394597841006,0.001620986051899,0.069246639864547,0.380535462408068,0.873412038363176,42.622284111444898,8.736740239904760,1.554790515297990,-0.000787308082160,-6.574443458369930,-1174.612388636159949,-14.679970361099000,-504.171507168836001,-0.000205974122733,-1.300272991033150,-6.401356672807860,-5.536807783336830,-2155.815326330090102,-428.537985413207991,-0.000513244985519
56,USA,55,0.367106430394866,0.305010139026200,0.101080952837031,0.017360156801762,0.060916072656722,0.152461799484622,0.211792028118309,0.047421961752454,0.332714377923864,0.263310332300830,24.433008310243199,0.321917477855095,276.024698388249988,0.001803004263196,0.071215699226354,0.400161970240752,0.921610526788844,42.714223755718002,8.776524531154299,1.638318455547500,-0.000699765198293,-5.139481565429760,-923.510693106018948,-11.545726373273400,-256.824185191973015,-0.000120257428211,-1.009102221687760,-4.949293052342810,-4.171373966210400,-1765.927683185060005,-352.107557838497996,-0.000459944295520
57,USA,56,0.377984522701158,0.311019468127916,0.103776473149641,0.018666614847809,0.061809451503922,0.154594809108841,0.221164955905544,0.048468360401641,0.339887401350687,0.267963931285714,24.626621893853301,0.324856880562321,288.180733305734009,0.002026620991691,0.073280486869699,0.421126887027013,0.970803768491641,42.818385483823100,8.813409714020869,1.723306138196760,-0.000612222314426,-3.630177224280290,-661.075413133212010,-8.242804588490969,-89.262370105131694,-0.000065200631904,-0.717745646280040,-3.543396074145990,-2.878779251818320,-1339.931335240509952,-269.000301527291981,-0.000406643605521
58,USA,57,0.389490094919921,0.317141197497187,0.106463873642071,0.019988462052013,0.062767410257170,0.156737770859674,0.230710637462858,0.049596570140920,0.347058742849407,0.272455026053736,24.820235477463299,0.327796283269546,301.248596224874007,0.002273885554142,0.075524273219015,0.441959433313773,1.022249964912720,42.923959971972501,8.848396517913409,1.809877896443990,-0.000524679430559,-2.088923060571640,-372.470718047685978,-4.672478812219800,-7.350997817107440,-0.000031079761551,-0.407128097078891,-2.069291687614070,-1.657015410097040,-903.517476517891055,-182.351874022207994,-0.000353342915522
59,USA,58,0.401106544859081,0.323325979309443,0.109222867025173,0.021365306480236,0.063708007161632,0.158876936412559,0.240400390387007,0.050758471134810,0.354225643048525,0.277031806531560,25.013849061073401,0.330735685976772,314.777498543914987,0.002546622716764,0.077823539220792,0.462537026869897,1.074630599584660,43.019206544802898,8.885052631746319,1.903098169706850,-0.000437136546692,-0.424625011319298,-72.954721850346800,-0.903054165707494,242.111590471271995,-0.000012216391425,-0.081854351341673,-0.462022282849723,-0.383168679886350,-442.017405052049980,-88.772511756935998,-0.000300042225523
60,USA,59,0.414061083490822,0.329601795685274,0.112057161741165,0.022859321085139,0.064623595755492,0.161008843366781,0.250387630993279,0.051892615152958,0.361632346682309,0.281739341037692,25.207462644683400,0.333675088683997,328.320642043611997,0.002851381084204,0.079937873958993,0.483653406066183,1.130354345639820,43.116990572821699,8.919238854461790,2.001288573503960,-0.000349593662825,1.458644271330690,242.853758036278009,3.033598003010890,1047.704429616070001,-0.000003419946497,0.276511843089706,1.493947966380650,1.349565614687320,24.869637441972401,4.864542828229030,-0.000246741535524
61,USA,60,0.426029191737933,0.335685037318080,0.114997740369760,0.024317875610596,0.065579238776522,0.163193310264726,0.260728014597431,0.053119532730754,0.369356721658070,0.286598632289469,25.401076228293402,0.336614491391223,342.753925206039014,0.003200005254649,0.082315957504486,0.505031962115817,1.187631184504550,43.213212897842197,8.950829875652211,2.105731601755780,-0.000262050778958,3.636389279137340,559.483023763414963,7.045605313146270,2202.088252909330095,-0.000000207180399,0.670794319140132,4.035716494822570,3.990274052500010,510.987621143317995,104.627595654070007,-0.000193440845525
62,USA,61,0.438598803588829,0.341974056022732,0.118049105481162,0.025964722296174,0.066587116804054,0.165399995464529,0.271233844124193,0.054316519512129,0.377230592422716,0.291084414835716,25.594689811903500,0.339553894098449,357.414521004604012,0.003596525396709,0.084698212706085,0.526418752569949,1.250059809654710,43.320471169111798,8.984461651476540,2.210641372112360,-0.000174507895091,6.064986212985300,914.045126932600965,11.477617311106300,3752.335668449049990,0.000002860322137,1.123184413432950,6.966244714094970,7.331635227012350,1025.356430851189998,207.190978996100995,-0.000140140155525
63,USA,62,0.451610872185563,0.348519603188252,0.121134739620958,0.027584444483567,0.067565749994828,0.167684599510437,0.281664766986424,0.055531489716007,0.385331072777568,0.295925067180596,25.788303395513498,0.342493296805674,372.815461978004976,0.004048321644806,0.087090873615826,0.549024891470926,1.310514501628990,43.426684516762101,9.026440841599840,2.321112445201040,-0.000086965011224,8.805514664379960,1268.521940109470052,16.124351514177299,5484.278560165190356,0.000033832776051,1.628225879520070,10.287080289637901,11.620287839413400,1541.178504483810002,314.399302182315012,-0.000086839465526
64,USA,63,0.464615529278852,0.355479106796024,0.124235869970890,0.029384926709977,0.068571409851603,0.169970211139549,0.292820961248823,0.056767990154925,0.393859926112195,0.300681610345173,25.981916979123600,0.345432699512900,388.806747039638026,0.004542910673384,0.089665642157807,0.572644935085004,1.375929946662250,43.531266441379998,9.067538634077239,2.435275113701830,0.011759097149013,11.842468703000300,1647.509697231660084,20.915489819906501,7635.475750672319919,0.000122516788591,2.179253843557480,13.949515302310800,17.165485567643799,2098.106033464289794,428.791589568125005,-0.000033538775527
65,USA,64,0.478154879938500,0.362437456663278,0.127592687150667,0.031239127542306,0.069606704933701,0.172191261620334,0.304084084588306,0.058033140993451,0.402412379806957,0.305957351687750,26.175530562733599,0.348372102220126,406.119854071027987,0.005093772782152,0.092332336407816,0.598287570944961,1.440367420900830,43.635447923636697,9.102015740308630,2.559390916732780,1.149752377892600,14.801417703426100,2046.980405028619998,25.850871163055299,10251.595884810200005,0.000336882441311,2.761298434755340,18.292837367056400,24.009752080245100,2650.793006169789805,546.493574890802961,1.354325553570770
66,USA,65,0.492466110342437,0.369429036026113,0.131081459459682,0.033230769624512,0.070604043356980,0.174524244371616,0.315649040853581,0.059388208107656,0.411410178543124,0.311294906201915,26.369144146343700,0.351311504927351,424.116571380521975,0.005771789010833,0.095059621912914,0.625096736355943,1.511271408541310,43.737119642032198,9.133273424665180,2.679837762703970,2.415598275383640,18.063372125738301,2457.696650985700217,31.135544538599000,13043.209605328500402,0.000837408171420,3.422973082237150,23.173342776641800,32.275148379004101,3252.673100208130109,673.112986762273977,9.727485793206300
67,USA,66,0.506678945080705,0.376935386466485,0.134611734873828,0.035291841105777,0.071625254341168,0.176853523503763,0.328090221055315,0.060795327965975,0.420164523903945,0.316488598970147,26.562757729953699,0.354250907634577,442.987071251213024,0.006538255383227,0.098008960848316,0.652781584548884,1.586299041132870,43.846526769313698,9.167280452162160,2.806078690742610,3.859677347584180,21.508041806590299,2892.384976674579775,36.494773260555000,16339.282216966499618,0.001704130462408,4.099116800583210,28.706881150936599,41.946565474658200,3890.547927541700119,806.004803913073033,25.720736009562799
68,USA,67,0.520952011799124,0.384044594578968,0.138415945824965,0.037470682369863,0.072652274173948,0.179284259676695,0.340876787000395,0.062253977447610,0.429931943682293,0.322126873542207,26.756371313563800,0.357190310341803,462.730144164478020,0.007391669544705,0.100985168959145,0.680522097428695,1.662452145619180,43.961552469606900,9.200596865910430,2.940793373492080,5.409189396437990,25.262625512820399,3342.225039785189892,42.238064959381497,20024.787591583200992,0.003109337930344,4.867651863436500,34.701775184627898,52.952205456068398,4535.253029812860404,940.778642454827946,47.036806826388599
69,USA,68,0.536039945956235,0.391366227983566,0.142146035906112,0.039722260717698,0.073703521535365,0.181674915578895,0.354149407387239,0.063765472011218,0.439017674277735,0.327598830461496,26.949984897173799,0.360129713049028,482.094292330348026,0.008351036666180,0.104143508756875,0.710760884797487,1.744926105069390,44.070469710739999,9.233747207674959,3.076478224255600,7.186988009947280,29.352017604700901,3791.864469775140151,48.246160012969099,24277.201708775799489,0.005254058577127,5.709741404946020,41.217926237270902,66.026940801816494,5185.983728094979597,1078.267642947919967,74.300042383508099
70,USA,69,0.551308726884563,0.398869960531572,0.146134998190241,0.042067586455117,0.074790952176546,0.184200884851234,0.367342958572268,0.065243805799774,0.448512030157265,0.332986698092332,27.143598480783801,0.363069115756254,503.428364983707979,0.009520674983809,0.107433920599387,0.739990108363033,1.827388189218930,44.183009367289898,9.264106765650860,3.217768816244420,9.250457089133260,33.613194557800000,4260.849658941679991,54.361817607782399,29004.474183245900349,0.008554897681275,6.627786421725650,48.238468398033902,80.130894832450807,5844.770536774210086,1220.635553636569966,106.099074665263998
71,USA,70,0.566470788519738,0.406487610418206,0.150067262000290,0.044559529972457,0.076006206541245,0.186759746079572,0.380914792212006,0.066818743443748,0.459014601356871,0.339104884638592,27.337212064393899,0.366008518463480,526.396176312146054,0.010826650245292,0.110890228473007,0.772215654995117,1.917012175431790,44.311359213968103,9.300750503713630,3.375395700743960,11.619780343872700,38.171688415792801,4744.015377589280433,60.662202212779000,34663.952436737497919,0.013266039051503,7.637074276507750,56.256207256796202,96.014092369804601,6532.110849224220146,1366.998055054820043,144.179209137084001
72,USA,71,0.581778431234400,0.414188621971534,0.154292080721163,0.047282389456816,0.077134910611430,0.189459667454232,0.394546968086378,0.068426123844441,0.469171105119518,0.345425808976214,27.530825648003901,0.368947921170705,550.265904527214957,0.012332742100376,0.114325471736437,0.805422998440582,2.013531806985970,44.453991444112901,9.343012761331879,3.532337823321810,14.234657295018700,43.140676044425298,5235.309657881690327,66.964640328968500,40603.948474381802953,0.020608887706187,8.703824629835861,64.581059945158501,112.981993308111001,7251.189868775280047,1517.555125098090002,187.378000952268991
73,USA,72,0.597800058851305,0.421808760033443,0.158671547763746,0.049997462957697,0.078284585940173,0.192183274253492,0.409039866511938,0.070028540085710,0.479416758036196,0.352205335130384,27.724439231613999,0.371887323877931,574.878457141713056,0.014034016172283,0.118081031620512,0.839831914492765,2.112855180623910,44.594571092229003,9.384989095307549,3.697941851432720,17.246259845532599,48.386908696298200,5766.545691073530179,73.572408001042206,47176.538772434396378,0.029900564845431,9.956534072616019,73.173389293479104,134.166633422002008,7987.349723890330097,1669.776270086420027,236.836267484167990
74,USA,73,0.613825318737255,0.429969057867046,0.163150053201928,0.053043041505560,0.079427204514221,0.194952161758123,0.423789844640651,0.071779961030330,0.490361308287811,0.359734512751952,27.918052815224002,0.374826726585157,601.968329433649046,0.015939681857620,0.122026502593316,0.875235780171136,2.218657531653650,44.724450065141802,9.429059793588671,3.879772850066110,20.504124760614999,54.000602566836498,6312.517333589100417,80.385741654156902,54613.554037658803281,0.042684365991140,11.317738276131600,82.935845939662997,157.675206771900008,8749.146637340989400,1830.379158412380093,290.343568473746018
75,USA,74,0.630534753387033,0.438030650814662,0.167793399958030,0.056137680262243,0.080619338568520,0.197906189445839,0.438587216652175,0.073619467628329,0.500970141109922,0.366790368804370,28.111666398834100,0.377766129292382,629.016068771212986,0.018285747677888,0.126128543684366,0.912734728032920,2.330227032578060,44.840188340566201,9.470709192650039,4.078335705780960,24.066218718176600,59.745509175957302,6853.544527453659612,87.488299113740595,63094.104496728599770,0.060700554336180,12.828570497229901,94.312886679387503,183.722559293063995,9477.756391386519681,1998.837442821879904,351.919111946845987
76,USA,75,0.648637911247647,0.446280093667811,0.172668647101093,0.059557919991899,0.081813140105058,0.200860558903689,0.454110036749910,0.075457802151728,0.512142090869418,0.373600244338915,28.305279982444102,0.380705531999608,659.339655473650964,0.020940002293504,0.130422448997881,0.950462746768597,2.438918127622740,44.957980613834003,9.509099416466530,4.283948200119730,28.185014856779802,66.098335860562798,7430.995763816869840,94.556689801353400,72015.895568708496285,0.084720251355355,14.406976768052999,106.597282475539998,214.756984158970994,10234.407604921900202,2164.000668734369810,417.310269400087009
77,USA,76,0.666313167216886,0.455273074158192,0.177749538455676,0.063030975984176,0.083103264025943,0.203751773178959,0.470260977583485,0.077499256387746,0.523231291713466,0.381071291456627,28.498893566054200,0.383644934706834,689.962704098618019,0.024342390052711,0.134783469806692,0.990462580119144,2.560160249393380,45.063275466922597,9.554881504439519,4.512403148510830,32.599832282816202,72.707347691082305,8033.728783311439656,102.058120321630000,81940.772017152106855,0.121019132595523,16.248265141167501,120.017912706874995,250.254168877329988,11024.909878689799370,2343.267332368930056,493.467956033258986
78,USA,77,0.683955847363881,0.464274219199984,0.183158124350947,0.066766855233624,0.084512413047069,0.206894689633889,0.486953633284945,0.079622476191625,0.534633455534538,0.388987155849401,28.692507149664198,0.386584337414059,724.253284753388016,0.028284817946861,0.139509132004518,1.031423119863500,2.687070172383730,45.175745175925897,9.611044331865861,4.729989525785310,37.540917430177103,79.931636012504001,8669.613299241989807,110.073241541428004,92968.073708676805836,0.170855305883510,18.198751134203299,135.294123394519005,290.040550171359996,11845.011740739300876,2520.469783396719777,574.307008961921042
79,USA,78,0.702168144568501,0.473085419445547,0.188936125303173,0.070734438333728,0.085946541663631,0.210248736684329,0.503727483048580,0.081724853971495,0.545754707183167,0.396916923538479,28.886120733274300,0.389523740121285,762.331311721515021,0.033102526025997,0.144395701632958,1.074942346665620,2.822477218419480,45.297952392753899,9.665777419958710,4.968325428791540,43.043821351840002,87.260140742730798,9309.256821839340773,118.502658944903004,105068.421223391997046,0.236403141292666,20.335065482175601,151.360514912930000,334.483632731856005,12689.905925340199246,2713.099647257440211,663.834224378279032
80,USA,79,0.720294166602278,0.482374912475824,0.194758060583413,0.075066149818777,0.087427955840316,0.213644544924138,0.520247541921578,0.084053908625673,0.557167414229090,0.405610808954316,29.079734316884299,0.392463142828511,801.892953680726009,0.038901926738546,0.149946444638110,1.123391891113390,2.968246311794900,45.441592715508698,9.723632174241320,5.234562298627630,49.179781172573001,95.481517076244899,9953.968079526919610,127.453277042764000,118903.221944769000402,0.325711838802095,22.855217191981701,169.614851223311007,385.412607197535010,13581.906120140900384,2904.176897648470003,761.197607835507029
81,USA,80,0.739111461814800,0.492178110173106,0.201115583863800,0.079919758147164,0.088874079186229,0.217366357791699,0.538117509972488,0.086398096655986,0.568818750294743,0.414474680468846,29.273347900494301,0.395402545535736,844.086360226344027,0.045117046588969,0.155545944138882,1.171793545994670,3.123417541084980,45.632293481673500,9.777940105794190,5.520468906969990,55.978372001270799,104.307108758994005,10646.967461104199174,136.526787333498987,134206.212652877991786,0.449105919654885,25.630417658879900,191.041867830375992,442.743787400965005,14500.246639986600712,3107.475896574259878,867.848548704581958
82,USA,81,0.757010269647617,0.501873070667599,0.207571980244922,0.084783653570991,0.090442956570943,0.221260700409281,0.556003279495347,0.088841860630989,0.581153456744453,0.424383152745463,29.466961484104399,0.398341948242962,888.820652629165011,0.052146699646007,0.161720103279736,1.223755120977030,3.291373060505690,45.833929428823502,9.831771526637549,5.833050134433010,63.293694283706401,113.098064436075006,11352.928706584600150,145.875095234224005,151259.401933927991195,0.619055553687600,28.709732674352200,214.444688432484014,505.752936829132011,15463.011141907400088,3322.906434233049822,985.934047567860034
83,USA,82,0.774590698862932,0.512604195041176,0.214553961948859,0.090312323439479,0.092024471737466,0.225164911962113,0.574445695657677,0.091460795297569,0.593467920518797,0.433818104685389,29.660575067714401,0.403186363213948,941.396058684551008,0.061289146998408,0.168219089662095,1.280426533081070,3.473355504687080,46.070475870478298,9.887068335635840,6.160815763016100,71.419240228687698,122.400189851826994,12113.135535400899244,155.295872640755988,170309.133507165010087,0.850003154068502,32.082632713342100,241.325162706686001,578.384868863931047,16463.036639738500526,3539.275073727830204,1114.563109047139960
84,USA,83,0.792057246745985,0.523651741305013,0.221775630314005,0.096044850316350,0.093729760921208,0.229189712097289,0.593219479334998,0.094365500723019,0.606036776519814,0.443351304247519,29.854188651324499,0.410495839712882,998.590330872582967,0.071945492345536,0.175112230955115,1.341938506813300,3.666973970600580,46.353216985954496,9.941875190626170,6.527721167939770,80.799488817158704,132.317720437343013,12945.361720682200030,165.787909144782986,190737.432726324012037,1.157148240474440,35.751780617143297,269.350444361894972,656.554396625980985,17501.862351464300446,3774.520527927149942,1264.125979174820031
85,USA,84,0.811053616154998,0.534727236406417,0.229586328790983,0.102563497693429,0.095527264497510,0.233500795887355,0.612126648319470,0.097443844033140,0.618886573593382,0.453661948064358,30.173946075939600,0.417805316211816,1059.715331739949988,0.086036019241356,0.182526749546688,1.404435355600760,3.886267440577590,46.781163557074898,10.004240443594799,6.921781699242930,91.013538472970893,143.592571898930004,13792.053598476000843,176.218944762187988,213113.824156377988402,1.575084208160010,39.613300112050197,302.978604422381011,742.104128554839008,18626.497447673300485,4015.146630608830037,1420.226043476069890
86,USA,85,0.828699475008740,0.546175175376933,0.237866299738893,0.109881586508255,0.097475004082645,0.238207098992423,0.631399023052127,0.100717928604220,0.631632651806790,0.466218157486384,30.878480563996700,0.425114792710750,1128.521518965709902,0.103959804080664,0.190687911743109,1.472900156840600,4.115411229591490,47.292646305723302,10.080388392069800,7.347242725532250,102.289543483564998,156.234209907706003,14666.854352246100461,187.519993251746001,239226.905369540007086,2.146086493515930,43.950243943308799,339.966951368964999,844.345273144450971,19804.140867212601734,4275.363105721489774,1602.236748794339974
87,USA,86,0.845429570979617,0.557638915886311,0.246552264757801,0.117757784030965,0.099500305275933,0.243165970570869,0.650938907899874,0.104160503173750,0.645084772333015,0.477750919617915,31.583015052053799,0.432424269209684,1210.875866132269948,0.128357349231560,0.200292006791231,1.548680861813840,4.381195378196320,47.961667538256698,10.170104533182100,7.848242246594300,114.652813085749003,168.990640385961001,15555.033359483199092,199.577945805028008,269459.155377150978893,3.034500940748590,48.984078961216902,382.340410898932987,957.099300654842978,21050.274841851398378,4556.061481741409807,1808.767406930559901
88,USA,87,0.862018850719599,0.570457179155008,0.255904526304170,0.126102229591806,0.101724622866011,0.248720564032058,0.670449492977306,0.107913633662995,0.658882915346498,0.490488345231885,32.287549540110902,0.439733745708618,1297.695676712600061,0.159972589106163,0.211325262312063,1.635530831402150,4.670478311515010,48.629438396189698,10.270527328843400,8.388749298110049,128.082102051929013,182.613607947503994,16549.059680747799575,212.288711627471997,302431.635650140000507,4.254841759051140,54.517593629251202,429.997444857466974,1080.086555400770067,22313.149572588801675,4855.684030788709606,2043.218705370369889
89,USA,88,0.877795461705560,0.583663356947207,0.265943489333224,0.135122196817810,0.104073975339519,0.254540290853067,0.690260486995686,0.112061985549327,0.673276185683474,0.505446700080342,32.992084028168001,0.447043222207552,1399.266155077400072,0.202818937198713,0.224264596353361,1.723705940189730,4.992956004737640,50.050759048381003,10.375873858377300,9.005746157382569,142.790630516311012,198.331627192475992,17661.240536171600979,225.920409454173011,340121.339137892995495,6.041937624505120,60.572829606074698,483.110064391279991,1221.724055136990046,23703.222968939800921,5174.792350409259598,2291.934753065169843
90,USA,89,0.892626381088190,0.598212104164232,0.276870527240534,0.144924067212764,0.106619016957337,0.260861204725787,0.711084863082964,0.116711202114758,0.687640520415261,0.521566330417894,33.696618516225101,0.454352698706486,1515.285398533560056,0.264613776128163,0.240425160596459,1.823699541075600,5.355504680478550,51.547860175331401,10.481205917850200,9.673358223320420,159.661287821824999,214.847506699610989,18860.002242638598545,241.066079631271009,384974.305140208976809,8.793399749326770,67.331260321161807,545.167895103832961,1388.549320232840046,25213.069158551799774,5544.439640085690371,2592.278020226779972
91,USA,90,0.907293254699109,0.613417672372897,0.288756531796039,0.156178398876698,0.109411714510368,0.267510345854419,0.731462464293038,0.121825912477352,0.702450600857876,0.536738029542355,34.401153004282200,0.461662175205420,1647.409923494959912,0.352622736597013,0.259482270158147,1.930791595606460,5.754456255421700,52.985272992566898,10.612055354622299,10.427352707160701,178.267150227939993,234.429684338799007,20151.445401839700935,257.172250510730009,434978.411564358975738,12.739790064645399,75.346942690904896,617.925217387684029,1582.676041774069972,26868.445582276301138,5940.636518237800374,2928.265684154309838
92,USA,91,0.921712400589906,0.629495323667849,0.301798891664637,0.169594218065309,0.112372115896420,0.275244019480281,0.752277378897822,0.127839179990706,0.717434568221129,0.554518127392916,35.105687492339300,0.468971651704354,1804.980082163260022,0.486243543174506,0.283917147736205,2.057339710974200,6.219973126494560,54.242972922946500,10.844662803838800,11.307019514815400,197.960048035361012,256.139206987839998,21520.371465930900740,275.433485833500981,497372.643249464977998,18.295988811922498,84.829796890394604,695.025552800502965,1815.428738010230063,28732.956882644801226,6341.926260098770399,3320.600586362339982
93,USA,92,0.935528935713682,0.647175096254226,0.315991030938693,0.184872387231249,0.115806578712785,0.283880334000552,0.772720417527034,0.134598447405030,0.733021247969607,0.573922797544668,35.810221980396399,0.476281128203288,1993.828127730200094,0.688956727004345,0.313897645520606,2.202617019750170,6.753426194624810,54.959906727478099,11.101361665421900,12.362877283404901,220.472525633381991,281.989704774584027,23223.484900266401382,296.642524214089008,575281.220340920030139,27.233204500608402,95.017885171659501,791.678885911921043,2076.380196904839977,30841.961190807098319,6831.363706635490416,3792.719724990250143
94,USA,93,0.947861287169097,0.666006415823819,0.332101925692375,0.202046330179073,0.119597955630468,0.294099888516005,0.793745825621082,0.141841857067873,0.749551589080908,0.597450991956966,36.514756468453498,0.483590604702222,2224.420144540729780,0.963079663588157,0.355553628198742,2.365560630544980,7.407137029740120,55.609227671923797,11.518406809247200,13.693375948805400,246.352272161489992,310.553391278739980,25056.317990466101037,320.843636559172978,670384.258962368941866,42.504639929757701,108.311994758694993,907.181372915247039,2430.726980196349814,33217.612680361497041,7393.702187098700051,4376.490624763089727
95,USA,94,0.959772470832091,0.686446337175946,0.350860730203492,0.222414989307684,0.124007758412162,0.306150171393525,0.815155203056135,0.150768775614728,0.766574639657750,0.631551498524478,37.219290956510498,0.490900081201156,2527.824125019769781,1.402660714097520,0.413411593375461,2.566411890404360,8.229126444870101,56.268288217265500,12.036484238823601,15.250067694423800,276.366024771687989,345.642816817695973,27244.755441646600957,349.372258907317018,791463.326423199963756,70.561443857879098,124.140254297530007,1047.529395001070043,2850.443966429680131,35930.342129976801516,8061.590164951439874,5080.372471859899633
96,USA,95,0.970254207933057,0.709605068819978,0.372613593595734,0.247461253534672,0.129206823944901,0.320869127700640,0.837264385966679,0.161480605816078,0.785417137776780,0.682430777991548,37.923825444567598,0.498209557700090,2926.688699256089876,2.166190470535120,0.484141008121965,2.798455876185490,9.247637359527820,57.115182412152897,12.407818579836700,17.105484964625202,310.676623141773007,385.732947059743992,29759.112927790800313,382.135239711430984,960597.793796467012726,120.696780910436004,145.101253269085987,1234.205300464579977,3389.111611019160136,39325.563678115497169,8874.522161863500514,6014.323003509770388
97,USA,96,0.979826870243650,0.734403486162447,0.398663178239966,0.278881885987394,0.135822813720197,0.338903356665590,0.860371330116161,0.175386564950201,0.805147988446446,0.742410304801458,38.628359932624697,0.520461294744163,3472.319052577860020,3.777391667924740,0.569354921049858,3.094157032873140,10.466022648575001,58.091728210072802,12.781130795915800,19.501279543993999,353.130296476794001,439.050739867991012,32876.906438506499398,423.280810603346993,1189365.297043120022863,253.447360009355009,174.133012842195001,1466.561011210100105,4079.222833742940111,43579.453482630000508,9842.552371596309968,7315.678188808799860
98,USA,97,0.988476636634016,0.765290422065051,0.429108842245086,0.321686055297179,0.143873098847038,0.363811947566678,0.885336833900701,0.193177082662274,0.827783825742696,0.843798001530092,39.332894420681797,0.547560484145215,4232.602635996719982,6.699379708891080,0.690617029756162,3.494371573751270,12.103500910139500,58.917484205044197,13.155641633948100,22.778732287042299,403.903233703586977,512.648973973384955,37502.887295001499297,478.994094118990972,1549402.203428880078718,574.385736532306964,217.512265807978991,1814.232428244370112,5118.922269441360186,48983.594225403598102,11171.345189942199795,9173.482802066859222
99,USA,98,0.996534054035318,0.805058154081499,0.471555268761474,0.391937906835443,0.155337405441218,0.404013636924718,0.912647779854990,0.220168473935378,0.854887023299128,1.071197384603700,40.498039739891396,0.574659673546266,5406.222827268819856,13.612638716482600,0.879624483941734,4.084035622107570,14.393327329338399,60.770591266150198,13.536372745783600,27.876021936788099,475.068127645614993,618.180837197298047,43964.911869626201224,563.263874854711958,2136759.242607680149376,1409.232429833770084,297.048948802349003,2367.426512346080017,6805.840814832569777,57583.320396115901531,13122.857591929599948,12272.244273909100230
100,USA,99,0.999868734222493,0.861063539536900,0.534153276456809,0.549182162132367,0.175972928237725,0.485393197442763,0.947530051095420,0.268939420653534,0.894688864265607,1.333409361614390,49.872776674496102,0.612431171667034,7771.011359493980308,56.449871797702102,1.251261224715140,5.161340948251110,18.479084662721800,65.037489661557203,14.530942104645000,36.816224373880701,595.250470386728011,816.523932214476986,56170.960801241897570,719.904896539419042,3394749.178914700169116,5751.528385419390361,478.901164591719009,3518.075993709120212,9948.288681066669596,74481.522997412001132,17053.241310808200069,18841.797580644099071
101,USA,100,1.000000000000000,1.000000000000000,1.000000000000000,1.000000000000000,0.500000000000000,1.000000000000000,1.000000000000000,1.000000000000000,1.000000000000000,1.927319949342740,2000.000000000000000,5.000000000000000,56126.496938971002237,63257.700130032302695,8.987890702995250,18.451597422050799,61.566698752321400,74.404086274509794,17.752333698630100,174.148225523575007,3722.257237380979859,3236.922798483520182,1654613.775277569890022,2260.579042716490221,34697631.554450102150440,28234417.621551599353552,5117.630338629080143,23441.722005360799812,46259.070293753000442,271296.467539765988477,74609.662398580403533,135748.130360503011616
102,USA,mean,0.398138751334869,0.312904762770375,0.121194246520583,0.050189291887666,0.060728747300225,0.156773435885206,0.276581482347679,0.054073784414701,0.355937663873638,0.295026787857242,28.763688961020598,0.363944424715727,705.687788756064037,12.404691192364201,0.132323626666353,0.753241247283925,2.152261056250450,42.602475581928999,8.739157007090281,3.911885377885540,16.941846153868500,28.085995848728601,968.331714316727016,12.727020307406701,135837.191497644991614,2827.969337093290051,11.661731908743800,143.556059730429013,393.627356716211011,-145.537644675297997,180.129000045359987,824.769115715155976
103,USA,std.dev,0.311818600082293,0.206021111077309,0.118279584618116,0.105160542370206,0.038235564532948,0.096139202876991,0.276380491310400,0.056848660783617,0.222787988926525,0.230397955850205,11.748041881779200,0.132955396517807,1642.527894743029947,413.579752305768977,0.274752219684545,1.082711877971400,3.876024283005930,7.075969756824870,1.773773257519100,7.403145169502280,150.673649029924007,216.758977952789991,18731.830503755798418,225.298883880026011,891691.299838521052152,163285.833337221993133,134.479632666606989,798.778094690247030,2210.671489250859850,24875.799029698900995,5390.561698363610049,4267.506190675670041